,iexp,object,scattered_re_0,scattered_im_0,scattered_re_1,scattered_im_1,scattered_re_2,scattered_im_2,scattered_re_3,scattered_im_3,scattered_re_4,scattered_im_4,scattered_re_5,scattered_im_5,scattered_re_6,scattered_im_6,scattered_re_7,scattered_im_7,scattered_re_8,scattered_im_8,scattered_re_9,scattered_im_9,scattered_re_10,scattered_im_10,scattered_re_11,scattered_im_11,scattered_re_12,scattered_im_12,scattered_re_13,scattered_im_13,scattered_re_14,scattered_im_14,scattered_re_15,scattered_im_15
0,0,treasure,-0.002224466,0.42486095,0.5222049,0.18877462,0.024926664,-0.14300402,-0.1952633,-0.18674996,0.061995342,0.11520952,0.15707621,0.61654866,-0.15198785,0.86381394,-0.4497821,0.51994586,-0.16283496,0.2950713,0.10489615,0.6938961,-0.17331545,0.5955595,-0.26793358,-0.28275687,0.041787144,-0.70776504,0.30532074,-0.27029258,0.27408358,0.031750396,-0.0058606844,-0.32397473
1,1,bone,-0.30391374,0.13189518,0.14282715,0.30157796,0.061202124,0.26462683,-0.07072958,-0.11594465,0.08687768,-0.2655149,0.1710085,-0.02727923,0.004270049,0.2119317,-0.09238003,0.20464133,-0.061965045,-0.026942268,-0.12317553,-0.11816205,-0.052726816,0.054072905,0.0770397,-0.06813612,-0.28978193,-0.3060688,-0.6382701,-0.035140395,-0.41518173,0.18498865,-0.26337212,0.028772762
2,2,bone,-0.37922448,0.6442489,-0.046008676,0.32261106,0.11231941,-0.12064506,0.098726414,-0.24225196,0.11005412,-0.027440768,0.06930828,0.17371841,-0.09638224,0.22302268,-0.20940717,0.034042604,-0.24168494,-0.25523075,-0.019649828,-0.26038304,0.31013146,-0.15278338,0.23293696,0.043046948,0.15002441,0.16409414,0.074970745,-0.2819516,-0.22424154,-0.5511759,-0.09538093,-0.33044362
3,3,bone,-0.10734677,0.5122422,0.50503343,0.17488988,0.03680306,-0.14964972,-0.26368356,-0.08680898,0.03144756,0.05222901,0.13962497,0.029990694,-0.053724356,-0.06480588,-0.10502592,-0.048484057,0.09354522,0.06701925,0.19461909,0.06123147,0.00270399,-0.018610856,-0.19883117,-0.03728452,-0.20610337,-0.09678343,-0.13646111,-0.27558362,-0.10206102,-0.49718478,-0.07566513,-0.6764564
4,4,bone,-0.1433191,0.38346404,0.33268997,0.3348878,0.06994177,-0.011380184,-0.071196705,-0.3004765,0.04124912,-0.0877522,-0.006597701,0.22075877,-0.0002782038,0.13493605,0.07128909,-0.12608874,-0.10639914,-0.1076971,-0.2166582,0.13499466,0.096255995,0.16297883,0.4772613,-0.09942031,0.55578876,-0.2819111,0.4378691,-0.16129194,0.32200688,0.12276985,0.24160379,0.34865448
5,5,hook,-0.422838,0.73712355,0.24813934,0.41208732,0.07924747,0.03729133,-0.024130318,-0.12595175,0.080936804,-0.07260758,0.0059492188,0.1358514,-0.2467838,0.23471797,-0.27600813,0.07449727,0.08195093,-0.085258834,0.45162797,0.0640865,0.37729645,0.422622,-0.08416216,0.6110366,-0.4243808,0.45810717,-0.27445763,0.13844714,0.1976786,-0.029228784,0.2979939,0.09141202
6,6,hook,-0.51978195,0.16391033,-0.13050148,0.29104733,-0.006492188,0.2783312,0.04990087,0.12886609,0.055355236,-0.019038867,-0.029228816,-0.09231125,-0.14387141,-0.10001013,-0.15417184,-0.08051304,-0.0034879684,-0.08714822,0.20608325,-0.19275296,0.3056837,-0.38403803,0.2079032,-0.4316152,-0.03517516,-0.12252617,-0.29564416,0.36086392,-0.4366939,0.71470183,-0.2685982,0.8365043
7,7,bone,-0.04812702,0.48738736,0.39073536,0.27903816,0.042419065,-0.15700063,-0.1840746,-0.1761678,0.010137278,0.058792982,0.12515582,0.08451521,-0.009425913,-0.047606383,-0.12575614,-0.055736784,-0.00062434026,0.050159343,0.16223401,0.02319692,0.09188705,-0.020251997,-0.0049805846,0.06468198,-0.019835444,0.07874316,-0.13825272,0.033340123,-0.314791,0.13878697,-0.3393807,0.36738282
8,8,treasure,-0.34789273,0.46276763,0.21195818,-0.02062304,0.22699352,-0.33129478,0.013846439,-0.08161257,0.0035199043,0.1043429,0.06533661,-0.10844728,0.043205556,-0.2170368,-0.034817994,0.022940824,0.19414833,0.21578673,0.65308267,-0.23959184,0.5370455,-0.5810086,0.35187858,-0.08406644,0.2967512,-0.18444094,-0.51880085,-0.6273683,-0.8612265,0.11639751,0.05843136,0.5872144
9,9,treasure,-0.29472408,0.384661,0.2106877,0.0951249,0.13477312,-0.2079473,-0.12424565,-0.1998407,-0.06744605,0.03066406,0.0985947,0.056084264,0.060120787,-0.27765295,-0.17165558,-0.65280974,-0.3283526,-0.7086171,-0.25222257,-0.6331917,-0.14336692,-0.38369876,0.27346334,0.18778141,0.69969815,0.32948327,0.54049593,0.3042074,0.63625664,0.28198957,0.39348605,-0.26885512
10,10,treasure,-0.20654273,0.71065456,0.55700606,-0.14088725,0.029751653,-0.24240609,-0.2084518,0.36313105,-0.18861961,0.72907215,-0.25375095,0.9938847,-0.39456737,0.7107832,-0.21556543,0.25189537,0.35662812,0.63537246,0.2701452,0.8178427,-0.42273167,-0.3382342,-0.6987403,-1.1319959,-0.3978804,-0.24158026,-0.09465217,0.7271823,-0.007196882,0.45591927,-0.0124638565,0.03724103
11,11,treasure,-0.037686594,0.4890647,0.4547757,0.20037052,0.030528147,-0.11059921,-0.3859699,-0.32123542,-0.5059534,-0.6580601,-0.26843616,-0.8522829,0.19908632,-0.6141719,-0.027162312,-0.3440518,-0.7366987,-0.40228415,-0.38850418,-0.3914935,0.75561506,-0.27329427,0.7828841,-0.3245064,-0.26866823,-0.20720324,-0.6320349,-0.119806595,-0.26416036,-0.42301953,-0.06861547,-0.30268177
12,12,treasure,-0.29359585,0.60511345,0.21698347,0.080598615,0.010038588,-0.25666115,-0.24778657,-0.010334093,-0.03662602,0.11001262,0.0771762,-0.086484164,-0.19123314,-0.018766122,-0.41847718,0.42029807,-0.28842792,0.702083,-0.19268265,0.62682146,-0.129324,0.43073964,-0.12991628,-0.24704489,-0.46849814,-0.6504264,-0.3280305,-0.509684,-0.33591822,-0.60997975,-0.47929394,-0.078255475
13,13,treasure,-0.29769543,0.72937644,0.16349654,0.07758564,-0.11519514,-0.37781873,-0.19525775,-0.10767779,0.08965152,0.007299074,-0.03604234,-0.037926145,-0.19782197,0.11519692,-0.015956528,0.08604689,-0.030316219,-0.21139787,-0.53064126,0.13715108,-0.32592508,0.7950243,-0.12473476,0.38126564,-0.13433363,0.306476,0.75675,0.0056645772,0.35301557,-0.82680553,-0.5825549,-0.16314697
14,14,treasure,-0.3086773,0.61878127,0.25506783,-0.00018511388,0.085784994,-0.30378368,-0.17050277,-0.026683806,0.016852496,0.05224975,0.17854846,-0.08171922,-0.07227389,-0.14491779,-0.32652444,-0.1378075,-0.20581113,0.06758815,-0.0037144718,0.096443,0.026251106,0.030231362,-0.16554238,0.558547,-0.3101445,0.7942414,-0.06887583,0.09027362,0.017688971,-0.65055984,-0.026231397,-0.69435704
15,15,bone,-0.29133165,0.4355277,0.38297313,0.16337225,0.26278737,0.036663137,-0.2375866,-0.03506282,-0.24236356,-0.16424389,0.13306026,-0.088675626,0.26924005,0.09732601,0.0016872515,0.043945674,-0.18684012,0.005237188,0.07694118,0.10931017,0.18277515,-0.003051284,-0.315592,-0.20195116,-0.73819447,-0.18616799,-0.5830362,-0.14674865,-0.205925,-0.25182736,0.012075001,-0.3656057
16,16,hook,-0.41100004,0.4353939,-0.11070921,0.27355602,0.04241917,-0.036947917,0.11657687,0.04792673,-0.074186035,0.22344843,-0.3238876,0.03495042,-0.29129907,-0.34526077,-0.032696266,-0.42647538,0.10900068,-0.0823646,-0.024299238,0.35270652,-0.29815885,0.49253193,-0.5365944,0.2436661,-0.6879414,-0.14921747,-0.72302896,-0.32473484,-0.49236998,-0.17064023,0.039408583,0.039244812
17,17,treasure,-0.1339655,0.5689101,0.52620786,0.015073817,0.090996705,-0.16184251,-0.37460363,0.123959005,-0.68882185,0.28997207,-0.8642077,0.26934105,-0.6968328,-0.05277641,-0.38326064,0.02350364,0.012136732,0.7478759,0.052763816,0.6691309,-0.65803564,-0.16123709,-0.8368612,-0.1397926,0.16631168,0.2662364,0.60388225,0.32335138,0.1935579,0.5405061,0.033262953,0.32291862
18,18,bone,-0.23186114,0.6258447,-0.02622661,0.4952404,0.02919996,0.18761745,-0.06670478,-0.06378001,-0.076144785,-0.09922061,0.114902444,-0.039589565,0.26971164,0.0044880966,0.21825185,0.09335002,-0.008945924,0.10589295,-0.3322214,-0.03746214,-0.3128257,-0.04721519,0.19533126,0.027490698,0.39940104,-0.06688502,0.18254192,-0.034803145,0.3355394,0.17054482,0.6085048,0.167094
19,19,treasure,-0.043611277,0.508512,0.5379625,0.11909527,-0.009049527,-0.13602991,-0.47468323,-0.12992878,-0.68649936,-0.2119368,-0.8338814,-0.44864184,-0.3995872,-0.5956707,-0.03167847,-0.2293899,-0.5995672,-0.15020229,-0.7219636,-0.53678,0.14124678,0.03143533,0.6568267,0.98811066,0.42160478,0.6126622,0.07884743,-0.58073056,-0.07338449,-0.8884667,-0.05812517,-0.36422884
20,20,treasure,-0.18471459,0.306754,0.5629762,0.013218796,0.26152614,-0.025829962,-0.26107305,0.22208986,-0.14274196,0.18220408,0.16307153,-0.16119243,0.115239784,-0.30301246,-0.14145389,-0.039802253,-0.17705536,0.29156372,-0.036339864,0.27842826,0.25702465,0.07258931,0.5643748,-0.21539028,0.45717296,-0.11299819,0.5024604,0.2318684,0.5131675,0.17392361,0.2695233,0.3222085
21,21,treasure,-0.18262132,0.43212306,0.5668306,-0.05411784,0.16157952,-0.16214299,-0.23407365,0.1439704,-0.024598055,0.045654982,0.22560444,-0.41985458,0.19994514,-0.81835836,0.06592981,-0.900274,0.121179394,-0.7023367,0.036886867,-0.31875575,-0.44744042,0.29427347,-0.65531844,0.7812767,-0.13464798,0.57065654,0.3119219,-0.20474647,0.2598631,-0.44195622,0.29781467,-0.10553956
22,22,bone,-0.4584119,0.5417992,0.0101029575,0.1538281,0.31953543,-0.115415454,0.19337328,0.014516393,-0.13425507,0.13599095,-0.22763394,-0.047328416,-0.03189523,-0.15529555,0.19469726,-0.067374945,0.18387662,0.000540239,-0.021087075,0.13073859,-0.09273693,0.1707786,-0.11990347,-0.027577491,-0.30660707,0.016988665,-0.35270566,0.33430076,-0.20015278,0.31817245,-0.20374064,-0.011784901
23,23,hook,-0.51631695,0.8766292,0.30786836,0.36450723,0.35544452,-0.055061597,0.043748513,-0.11384056,-0.21760538,0.09821066,-0.25412107,0.3610099,-0.16589575,0.41931316,-0.19143313,0.26602304,-0.35044459,0.14059219,-0.436498,0.1771927,-0.31595603,0.2911352,-0.04961078,0.3032374,0.167588,0.05094791,0.21983296,-0.3090122,0.24250561,-0.27244937,0.2876248,0.1106811
24,24,hook,-0.48036516,0.75971,0.27836218,0.40799236,0.26383016,0.09245149,-0.02053868,-0.08942784,-0.29564306,-0.17578624,-0.46409503,-0.20920788,-0.39702174,-0.26271695,-0.092831194,-0.31440467,0.23023543,-0.27568135,0.36844963,-0.17338085,0.3428898,-0.13368076,0.28502762,-0.17315954,0.16187596,-0.1296273,-0.14251217,-0.039901074,-0.21848193,-0.13925225,0.24497584,-0.15769728
25,25,treasure,-0.12525868,0.5691974,0.5723,-0.017323522,0.035438396,-0.15835765,-0.41598547,0.17246255,-0.59382856,0.36487323,-0.8272545,0.47623014,-0.77214074,0.18159601,-0.29743144,-0.059229974,-0.2198469,0.51298356,-0.55485076,0.7509118,-0.050292045,-0.11302529,0.80683964,-0.89592767,0.4757326,-0.6366339,-0.56331617,0.12705448,-0.7461183,0.4264483,-0.2561244,0.19458911
26,26,treasure,-0.22343452,0.8379046,0.280372,0.08049161,-0.10427487,-0.26206857,-0.2117654,0.14526495,0.05112613,0.10054306,-0.00083164574,-0.13030587,-0.19321384,0.14924106,-0.25771028,0.5925873,-0.23679015,0.62097377,-0.38049358,0.3592935,-0.192785,0.008458686,0.5149985,-0.42435762,0.6838949,-0.28967357,0.4651111,0.324803,0.47782505,0.5075578,0.27950293,-0.07655894
27,27,treasure,-0.13354029,0.5872029,0.5036474,0.043828074,0.089277446,-0.18716137,-0.3044577,-0.11235383,-0.48414853,-0.3825299,-0.37541246,-0.6888257,-0.002420991,-0.6673982,-0.19956742,-0.23775671,-0.53222007,0.036893696,-0.09369013,-0.42850557,0.4491546,-0.6034785,0.42715406,0.1725968,-0.19507362,0.6839338,-0.89251506,0.56770784,-0.5115364,0.3595613,0.4611631,-0.0053687096
28,28,hook,-0.4058196,0.46901715,-0.11442568,0.2566452,0.07141849,-0.028594589,0.14204568,0.120495036,-0.1560393,0.2215536,-0.41512606,-0.16283229,-0.19265898,-0.5967924,0.17326307,-0.4999427,0.10432297,-0.049809758,-0.33563423,0.15850838,-0.5876771,-0.08026818,-0.33200687,-0.46606907,0.17577134,-0.6580542,0.4304793,-0.63075346,0.2681816,-0.49482495,-0.03731242,-0.17279805
29,29,bone,-0.20127414,0.35034278,0.32708535,0.31231287,0.11613635,0.08477866,-0.19767767,-0.2279555,-0.06364298,-0.24414515,0.17984767,0.062683925,0.1814353,0.21528499,-0.05506161,0.0015430695,-0.20254953,-0.051693577,0.103606045,0.105236806,0.2615024,-0.037069246,-0.25462523,-0.071500055,-0.63670367,0.32258445,-0.45584074,0.49055254,-0.28373834,0.25892338,-0.33593234,0.095133364
30,30,treasure,-0.07736625,0.52105635,0.38999873,0.20445149,0.2756092,-0.08238062,0.4778483,0.00669419,0.61828446,0.50434285,0.07071729,0.81568533,-0.0823694,0.46837664,0.21125208,0.43073556,-0.4086493,0.37706065,-0.8122916,-0.5427949,-0.1345108,-0.83906126,0.009962751,0.10942692,-0.45223194,0.5848948,-0.027004465,-0.047893714,0.8130442,-0.5002496,0.5420422,-0.14473575
31,31,treasure,-0.27275,0.6432638,0.4702384,-0.19118564,0.045822848,-0.35701984,-0.08509339,0.20936559,0.06557329,0.15656245,-0.2010496,-0.22679256,-0.6751071,-0.36889428,-0.88119835,-0.24129958,-0.6573622,-0.09022392,-0.17327861,0.2992644,0.4356989,0.6654859,0.383714,0.37572232,-0.41829243,0.123316936,-0.6771085,0.20297168,-0.35773754,-0.04781047,-0.19727059,0.0048315884
32,32,bone,-0.116266824,0.5435485,0.06135322,0.26677844,0.24747925,-0.1184843,0.094281435,-0.06700287,-0.14754012,-0.036265332,-0.073725104,-0.010128994,0.055839714,0.10572693,0.062942214,0.06817344,0.027752815,-0.10673152,0.0072630187,-0.15055948,0.02862106,-0.029718075,0.054413006,0.06376721,-0.009919023,0.05885852,-0.17348312,0.061158918,-0.3314825,0.15454513,-0.37700424,0.30639794
33,33,bone,-0.20076767,0.5334832,0.49814358,0.057236414,0.14193009,-0.17977872,-0.2471899,0.08620576,-0.055411708,0.102865726,0.084120326,-0.12265292,-0.03352426,-0.06143046,-0.030986723,0.15470323,0.03557254,0.009474855,-0.19421937,-0.15050533,-0.16247083,0.046879243,0.18614884,-0.049398016,0.18409602,-0.32373047,0.058446303,-0.335745,0.0804279,-0.3460814,0.0552423,-0.4896836
34,34,bone,-0.46023443,0.18868436,-0.29730195,0.056884974,-0.027567044,0.008275685,0.22017403,0.073223814,0.26088318,0.20236857,0.03832599,0.2599876,-0.23712225,0.115157,-0.29816377,-0.22879481,-0.15157111,-0.55244464,0.00015953607,-0.49174795,0.074083984,-0.045403052,0.07476126,0.17220673,-0.044280242,-0.075668454,-0.07668565,-0.20975034,0.16539499,-0.14564076,0.15084638,-0.2383858
35,35,hook,-0.41538382,0.6851409,0.16437009,0.44028887,0.07914314,0.064854674,0.033650883,-0.14463687,0.0052441983,-0.18455037,-0.09508157,-0.28028068,-0.009999396,-0.34857056,0.1496115,-0.08021278,-0.026691845,0.27301866,-0.35312393,0.17445798,-0.3138693,-0.20070562,-0.036548406,-0.26053116,-0.045346804,-1.9300769e-05,-0.2839733,0.049880877,-0.09378528,-0.11789758,0.30803522,0.038870163
36,36,bone,-0.31897926,0.5167561,0.36421284,0.09524156,0.3191637,-0.066539384,-0.17618404,0.0643897,-0.31342888,-0.0048841685,0.013428133,-0.14560497,0.2733515,-0.08701365,0.072487056,0.021411644,-0.13990627,0.116727404,0.097754724,0.057415795,0.14047861,-0.10591414,-0.35738683,0.03610201,-0.69170815,0.31155705,-0.5496119,0.23532708,-0.30350015,-0.0946819,-0.17867662,-0.32235834
37,37,treasure,-0.16540815,0.53276706,0.5351886,-0.06361275,0.0988396,-0.22552614,-0.24828771,0.1631842,-0.11955753,0.35613364,0.25003937,0.34640056,0.544778,0.23859408,0.3747605,0.1911338,0.017268702,0.033248555,-0.055839077,-0.48747057,0.0951433,-0.97431064,-0.009515418,-0.75538176,-0.030466331,0.18934667,0.28375444,0.4261051,-0.25786352,-0.33288944,-1.1550287,-0.24240078
38,38,bone,-0.20452105,0.33634868,0.31392968,0.33036128,0.08884686,0.095051534,-0.14472802,-0.27526402,0.042124067,-0.23456097,0.12918,0.16097806,0.0048459107,0.2653599,-0.0411853,-0.06246457,-0.07284839,-0.16749226,-0.05627003,0.16803688,0.08838722,0.17928346,0.05843841,-0.37239936,-0.16560732,-0.73389274,-0.18542911,-0.58562094,0.04840877,-0.33988807,0.24446596,-0.26178023
39,39,hook,-0.60156584,0.114914894,-0.06419069,0.050097458,0.1900601,0.041975453,0.14910948,0.06518533,-0.0848205,0.1472283,-0.28235126,0.24879411,-0.20720005,0.32668054,0.106596366,0.396214,0.26124454,0.47376874,-0.06537535,0.601794,-0.47593793,0.866181,-0.1772387,0.9285281,0.51253855,0.15450652,0.3596934,-0.70993215,-0.0968944,-0.32067192,0.20477846,0.13013312
40,40,treasure,-0.26635692,0.24628799,0.27172464,0.11526109,0.24922822,-0.06247482,-0.03693549,-0.12720966,-0.047971543,0.027720025,0.11775405,0.1491974,0.13174112,-0.021591308,-0.04654591,-0.27828518,-0.22688173,-0.14716022,-0.103956625,0.16522615,0.02578841,0.076720335,0.048638962,0.12701163,0.64008796,0.25199568,0.7443391,-0.24483584,0.003845675,-0.03588065,0.30816197,0.5705395
41,41,treasure,0.027042748,0.44375739,0.38703546,0.28141242,0.051018,-0.13215673,-0.1858251,-0.35885882,-0.31251463,-0.36940914,-0.5156884,-0.36610246,-0.40434924,-0.44398353,0.00043718793,-0.31937474,-0.11006598,0.036068343,-0.77719563,0.08384933,-0.9784722,-0.0584205,-0.21141346,0.05626842,0.66526186,0.026956884,0.33378407,-0.18121065,-0.70871943,0.25512147,-0.710343,0.8795519
42,42,bone,-0.5336136,0.22182132,-0.30008,0.054101087,0.005474383,-0.015393885,0.1397439,0.023464866,-0.0028447004,0.054961633,-0.20909739,-0.018905524,-0.2082068,-0.14859737,-0.021216946,-0.15730408,0.116400026,0.09892925,0.11239512,0.3599427,0.054247383,0.15195233,-0.07413816,-0.28319573,-0.17906494,-0.28196153,-0.040354695,-0.117334746,0.034008417,-0.38964182,-0.20640372,-0.60650826
43,43,bone,-0.3367791,0.042621877,0.068517834,0.284818,-0.076993965,0.27268738,-0.02460244,-0.12890616,0.2415182,-0.06667886,0.0754438,0.17161083,-0.17713766,-0.000880559,-0.13879032,-0.17871349,0.048029132,-0.06644987,0.17239578,0.07821271,0.06675494,0.057238482,-0.12569945,0.11061756,-0.08616591,0.37847087,0.11565886,0.5014708,0.10492859,0.32034928,-0.13736604,0.18456383
44,44,treasure,-0.15370372,0.54301244,0.5223228,-0.02718051,0.10452303,-0.2018432,-0.26567864,0.22427602,-0.28689763,0.5921284,-0.1566452,0.91687006,0.0005585606,0.9109743,-0.030364048,0.55030894,0.32715318,0.09564141,0.7763789,-0.5133915,0.363742,-0.30395278,0.31106082,0.9134445,0.8988057,0.77817136,0.08231354,-0.29644224,-0.7513633,-0.029940238,-0.22366731,0.18708515
45,45,hook,-0.6107986,0.6957403,-0.10518107,0.16599528,0.088674635,-0.25373048,0.16364798,-0.2497888,0.2912136,0.047221556,0.43164253,0.17721666,0.6015495,-0.011751825,0.67350405,-0.0063222777,0.22028483,0.43410498,-0.4199044,0.691395,-0.2410225,0.5207518,0.4683443,0.39535913,0.4391483,0.3068935,-0.10478276,0.057106987,-0.15074912,0.055495553,0.0043096044,0.1529789
46,46,bone,-0.45313147,0.4469709,0.11714202,0.11664122,0.36875704,-0.019241685,0.07513507,0.07786804,-0.24352506,0.025215674,-0.15989645,-0.1589419,0.11021215,-0.1122462,0.23950036,0.036458272,0.084422976,0.06626127,-0.11917482,0.12607078,-0.05532315,0.09416132,-0.084277324,-0.090715066,-0.4013658,0.009580425,-0.48317677,0.28840294,-0.28204137,0.20397308,-0.23718031,-0.096124426
47,47,bone,-0.18971412,0.56066865,-0.016335605,0.4277981,0.008345241,0.13365184,-0.14650859,-0.16314341,-0.28559932,-0.29475224,-0.17455164,-0.28778347,0.11000631,-0.22420613,0.34690776,-0.032819696,0.45447746,0.18770184,0.28046125,0.103220195,-0.068552785,-0.15625001,-0.0077396715,-0.15227777,0.2881585,0.010268314,0.12539396,0.114558786,-0.03717924,0.2506554,0.3271174,0.25995138
48,48,bone,-0.053539004,0.5725236,0.5154008,0.17042112,-0.03699408,-0.20064309,-0.23914456,-0.061053865,0.099756256,0.06832955,0.11070166,0.00640244,-0.09336727,-0.04367291,-0.09364227,0.005441822,0.05347408,0.08644726,0.08412768,0.06773664,-0.050134234,-0.004379107,-0.15151949,-0.026379662,-0.0977319,-0.016596362,0.049951665,-0.016477859,0.17800754,-0.013021709,0.20569576,0.0069015347
49,49,hook,-0.56206286,0.023551315,-0.010140804,-0.0004260683,0.23565568,0.08093534,0.13881376,0.16234557,-0.15101717,0.20274054,-0.33737543,0.24020211,-0.24365132,0.37822002,-0.05801421,0.56644577,-0.15474333,0.5374323,-0.6098756,0.28351876,-0.8972867,0.26355633,-0.338198,0.4946315,0.59865046,0.25728557,0.587274,-0.2120195,0.06385677,0.026134903,0.14010648,0.121578924
50,50,treasure,-0.18293566,0.5747447,0.5687791,-0.1039188,0.055935305,-0.22322847,-0.2712184,0.15181702,-0.06265509,0.15751173,0.3507211,0.029406425,0.6356804,0.07218626,0.41447347,0.16245846,0.15044084,-0.17193714,0.44242486,-0.4886866,0.7516788,0.035591677,0.5224336,0.60377115,0.03337549,0.30182618,-0.21667844,-0.1161137,0.025278896,0.31363574,0.5108337,0.836952
51,51,bone,-0.4295294,0.4495736,-0.28415757,0.32995278,-0.10692343,0.10681071,0.0048437687,-0.10025397,0.040540274,-0.11386768,0.08883301,0.06198055,0.13651438,0.21344474,0.074995995,0.24252503,-0.041017514,0.1450442,-0.18258914,-0.13307637,-0.32521272,-0.2444712,-0.051144868,-0.0049423072,0.38777208,-0.03680957,0.26078442,-0.18291283,0.1982836,-0.08193576,0.3734754,-0.35742298
52,52,treasure,-0.13009894,0.59481174,0.5705798,-0.019521799,0.03820972,-0.1521806,-0.43923724,0.19063896,-0.7335808,0.35041142,-0.98461115,0.29303336,-0.7328837,-0.10331479,-0.30924708,-0.05732276,-0.56452537,0.59081215,-0.65645444,0.38229686,0.3062914,-0.6292422,0.8331288,-0.9748412,0.0042514526,-0.3919663,-0.6941553,0.11079525,-0.33611095,0.06075883,0.006546865,-0.039460056
53,53,hook,-0.36567405,0.5618053,-0.02911666,0.22548358,0.07052887,-0.16390775,0.14869751,0.1198401,-0.17816378,0.553453,-0.72755545,0.38620356,-0.73954356,-0.3296981,-0.032679755,-0.70127106,0.53585726,-0.24068142,0.29908758,0.448134,-0.38850114,0.62763226,-0.7943376,0.27466333,-0.5823312,-0.15070292,0.05759611,-0.2458346,0.6297151,-0.028748604,0.812391,0.07252813
54,54,bone,-0.12254635,0.40311828,0.3257098,0.3441632,0.056367952,-0.043651965,-0.046555564,-0.31180197,0.04389282,-0.050479118,-0.04050155,0.23512352,-0.0014439716,0.107095174,0.096094824,-0.14172357,-0.10537276,-0.11421654,-0.24145237,0.11535345,0.067762434,0.19522801,0.47592795,0.0490192,0.58332187,-0.05756101,0.42959213,0.052885853,0.21031837,0.27810377,0.028035192,0.44153163
55,55,treasure,-0.1556389,0.4890155,0.59265715,-0.04623137,0.07708113,-0.16558285,-0.28382698,0.067943655,0.038767405,-0.016075445,0.553503,-0.21459694,0.9229823,-0.20455506,0.8602428,0.09743835,0.45276055,0.16184103,0.31981295,-0.42876923,0.47557196,-0.706753,0.16311191,-0.11576352,-0.41444153,0.4555991,-0.5389119,0.25157493,-0.28688386,-0.18682669,-0.1436332,-0.010781671
56,56,hook,-0.4248654,0.68195564,0.20602486,0.40791225,0.060139414,0.039192993,-0.019391296,-0.12203368,0.12671767,-0.071128204,0.12455074,0.14994758,-0.099310055,0.34698835,-0.24539582,0.27640972,-0.077945046,-0.0288304,0.29276216,-0.25767475,0.56096256,-0.14379576,0.55839545,0.25979224,0.38211468,0.6084472,0.1966811,0.5649768,0.03499472,0.099631995,-0.028971843,-0.34384376
57,57,hook,-0.54379433,0.92357886,0.19693623,0.38473737,0.31424743,-0.11223414,0.07180519,-0.22956973,-0.08487264,-0.047808055,0.0032094975,0.07591773,0.1184152,-0.038698755,0.079554014,-0.17353192,0.03533667,-0.094449855,0.19773975,0.06578659,0.48423564,0.033153646,0.5366182,-0.11734234,0.11601492,-0.10847084,-0.5062635,-0.05999209,-0.8771621,-0.16208194,-0.847092,-0.16641751
58,58,hook,-0.39889038,0.46344453,-0.072258174,0.30522117,0.022147445,-0.033169508,0.16149846,-0.012373641,0.10173577,0.2529744,-0.2518686,0.35814756,-0.60461164,0.1638166,-0.62751275,-0.10725796,-0.2842963,-0.17135419,0.19520086,0.0044317413,0.5053514,0.23998742,0.44926202,0.41352975,0.11030199,0.576068,-0.12702204,0.75739413,0.036337323,0.7558253,0.2795744,0.36059326
59,59,bone,-0.06275186,0.48319557,0.13309361,0.34713036,0.14574356,-0.15874028,0.0831582,-0.17665586,-0.095282726,0.05821415,-0.081921026,0.07564335,0.09853413,0.0031410484,0.10063931,-0.026817529,-0.109751366,-0.0043018926,-0.19072501,0.061955575,-0.0215245,0.031414595,0.12832557,-0.1036892,0.15554728,-0.14636178,0.23318851,-0.09268852,0.39795062,-0.13528334,0.5001325,-0.33416167
60,60,hook,-0.513267,0.7269364,0.22644545,0.4008408,0.3031583,0.12143627,0.06591364,-0.08671872,-0.17025377,-0.24417959,-0.19356585,-0.31820723,0.03704709,-0.25168884,0.31586033,-0.0499889,0.40963873,0.13657095,0.32377127,0.13286515,0.2004887,-0.059571665,0.10999091,-0.34414753,0.19217807,-0.520318,0.30767903,-0.22584997,0.038009685,0.14053197,-0.27594936,-0.10762204
61,61,hook,-0.44236976,0.39534774,-0.19000873,0.22490332,0.05127567,0.03377609,0.11985261,0.09707642,0.12350478,0.07577714,0.25098693,0.12662172,0.14363411,0.26997983,-0.107967,0.066356234,0.027538018,-0.2825307,0.36973602,-0.18210016,0.354118,0.22646448,0.05326306,0.36692154,-0.050288692,0.13388285,0.16129702,-0.1040021,0.2642629,-0.04018355,-0.067770004,0.1491319
62,62,hook,-0.66262615,0.41840366,-0.12821718,0.07678726,0.160468,-0.17591418,0.2266367,-0.16567454,0.24808085,0.075102255,0.34501544,0.23034054,0.49105862,0.0424571,0.5671077,-0.26326376,0.52524406,-0.14695382,0.54941297,0.3846193,0.68178576,0.47077355,0.39794737,-0.2460556,-0.28460053,-0.6631668,-0.3008454,-0.26314884,0.12325363,-0.09460273,-0.085068464,-0.12400574
63,63,bone,-0.030545224,0.53682435,0.20733842,0.3204124,0.12709051,-0.21538052,0.03224606,-0.16542068,-0.10813055,0.09104472,-0.057582002,0.06870401,0.11837652,-0.0024523232,0.08745922,-0.027446251,-0.10412924,-0.064736284,-0.14642571,-0.060227096,-0.0025285583,-0.021671856,0.099762715,0.012590306,0.04663762,0.08774471,-0.07669659,0.2374674,-0.16395326,0.41352725,-0.18189844,0.5416037
64,64,hook,-0.42467868,0.6279615,0.16578376,0.3979299,0.036829885,0.034794934,-0.019421333,-0.118260585,0.1779222,-0.07293541,0.271128,0.13182929,0.13062704,0.39685383,-0.057696097,0.4693019,-0.12190187,0.1955871,-0.06470446,-0.2642303,0.065648206,-0.5646032,0.2990412,-0.52506375,0.61472154,-0.32047254,0.77479666,-0.23591797,0.5048907,-0.22204782,-0.06371077,-0.004583372
65,65,hook,-0.5258708,0.11213571,-0.1363361,0.22156744,-0.03884071,0.22870326,-0.017571429,0.08173883,0.018615106,-0.117233686,0.102615975,-0.2534728,0.20236021,-0.21121857,0.20960811,-0.0066231024,0.10089831,0.1860234,-0.03171881,0.19080937,-0.0058472245,-0.059713304,0.33385587,-0.29400697,0.7388772,-0.1724757,0.8578075,0.055217758,0.63606864,0.02772104,0.07371821,0.0025210343
66,66,bone,-0.057750765,0.4733496,0.3919757,0.28477412,0.046171058,-0.15037432,-0.17278449,-0.18967165,0.008096939,0.06447556,0.10341683,0.10009098,-0.00796305,-0.067410275,-0.08817829,-0.09448854,0.0257246,0.06633528,0.16956292,0.09988684,0.06413547,0.0037173224,-0.12739809,0.01182023,-0.17438848,0.018872594,-0.22276714,-0.096358046,-0.40570363,-0.18579322,-0.6215575,-0.12853467
67,67,hook,-0.48120022,0.8433401,0.32451507,0.3877923,0.30717334,0.047063466,-0.016988946,-0.08801576,-0.33054864,-0.12791584,-0.48914072,-0.16198714,-0.36699384,-0.2569027,-0.011635812,-0.33065382,0.31859335,-0.2690755,0.4301203,-0.14133464,0.38086933,-0.091942504,0.2703011,-0.09481308,0.015843876,-0.12580873,-0.1382111,-0.30321804,0.16293904,-0.2024279,0.29602435,0.26666597
68,68,treasure,-0.33057892,0.3626002,0.25304902,0.007672869,0.2828151,-0.20935392,-0.013433413,-0.056573745,-0.04385183,0.06482527,0.14659378,-0.05087336,0.14466198,-0.12661874,-0.10751856,0.0031654718,-0.021118548,0.29581258,0.57973385,0.20493676,0.59130514,-0.12107181,0.2521423,0.087703004,0.3315212,-0.23811634,-0.25059804,-0.86686176,-0.6734957,-0.07709493,0.22682714,0.4610835
69,69,bone,-0.12922376,0.44340175,0.42798573,0.27675286,0.06380563,-0.047359943,-0.22210509,-0.23866616,-0.030335512,-0.06286888,0.14095071,0.15383536,0.11489928,0.0048141875,-0.067897044,-0.13223647,-0.112550445,0.13342102,0.12773529,0.22815028,0.15403941,-0.14404927,-0.18789871,-0.38528073,-0.421226,-0.26763114,-0.3386465,-0.16429286,-0.14091647,-0.25608277,0.006324295,-0.40695277
70,70,treasure,-0.048696928,0.4146906,0.5040797,0.14041801,0.10147858,-0.118869975,-0.30754045,-0.08735559,-0.30938467,0.07146278,-0.1237866,0.350682,0.03746137,0.5513206,-0.0087266695,0.4016494,0.007761797,0.027819637,0.38095203,-0.23221533,0.85212874,-0.22321206,0.8455281,-0.2470145,0.11600881,-0.10512664,-0.2269813,0.38365453,0.11245475,-0.070052035,-0.4615721,-0.89839995
71,71,hook,-0.515162,-0.044401977,0.05348493,-0.022915505,0.2765842,0.12782858,0.11349953,0.23002486,-0.20834596,0.24149214,-0.36115426,0.2953988,-0.26115963,0.4933199,-0.15014705,0.6073701,-0.29495668,0.32824516,-0.6598103,-0.0755282,-0.73906225,0.021403573,-0.082920596,0.40276724,0.5763799,0.26199675,0.31775576,0.0050721313,0.012586626,0.18876518,0.12538853,0.03807856
72,72,bone,-0.060107596,0.53365755,0.14015941,0.31329253,0.16517463,-0.1842842,0.068481416,-0.15094417,-0.114062406,0.06422307,-0.08305473,0.06647412,0.095734015,0.0039258185,0.1101952,-0.03772067,-0.06318195,-0.050642733,-0.15050143,-0.017134419,-0.059925225,-0.025446068,0.020740138,-0.07753641,0.02569146,-0.03839523,0.0858662,0.0963669,0.24893717,0.1753127,0.40254962,0.10453086
73,73,bone,-0.45244244,0.4341631,-0.3046002,0.27968743,-0.0942094,0.04982013,0.06813188,-0.105491325,0.08889216,-0.04227314,-0.0095402235,0.157821,-0.13824724,0.23379722,-0.21011169,0.09572021,-0.057158723,-0.08608623,0.29041913,-0.171034,0.30064604,-0.13549729,-0.14920172,0.060580064,-0.33330438,0.24769771,-0.16615237,0.14265859,-0.30939236,0.0359318,-0.5422673,0.2331064
74,74,hook,-0.55235595,0.875908,-0.012953363,0.36221263,0.042520598,-0.10113786,-0.08232185,-0.19020496,0.028625155,-0.09734015,0.2766954,-0.15645854,0.25048435,-0.31748194,-0.1398606,-0.34263015,-0.46477327,-0.307128,-0.29913422,-0.5472982,0.011025914,-1.0173374,-0.2133289,-0.9340262,-0.58265954,0.09907303,-0.29265085,0.77204144,0.06405747,0.14524585,-0.13308313,-0.23586574
75,75,treasure,-0.23050024,0.66843724,0.4856438,-0.1470516,0.04304231,-0.32712764,-0.093164906,0.23339681,0.22747836,0.45284283,0.63830245,0.23359112,0.76742333,-0.15517837,0.53082466,-0.1161209,0.18898094,-0.04201072,-0.49103487,-0.36734042,-0.9912388,-0.32391396,-0.21754989,0.049687803,0.7614194,-0.4069621,0.15721464,-0.48668686,-0.26574972,0.77877915,0.3870255,0.9672018
76,76,treasure,-0.0004550752,0.4608711,0.48293197,0.1971155,0.030977271,-0.13937216,-0.30503848,-0.2543385,-0.41343758,-0.17741483,-0.6093111,-0.084131904,-0.52185714,-0.2472185,-0.059661284,-0.24794373,-0.15868035,0.14143588,-0.85224664,0.07975494,-0.9075038,-0.25305933,-0.120498426,0.02632619,0.52289164,0.394555,0.18152733,-0.0059308363,-0.7316476,-0.5769999,-1.0000204,-0.40020725
77,77,treasure,-0.21506083,0.71663964,0.5064135,-0.12523852,0.042294204,-0.2972632,-0.10806748,0.29330972,0.061499473,0.6917431,0.24339639,0.9254361,0.16750462,0.78571224,0.07295391,0.44810596,0.60441697,-0.17452714,0.71080655,-0.5262968,0.25310796,0.4211427,0.43145293,1.019941,0.35610858,-0.02281712,-0.17468415,-0.66762215,0.09525404,-0.375775,0.24855745,-0.15241694
78,78,bone,-0.07548598,0.42391336,0.24978796,0.39003673,0.041872375,-0.11151527,0.058454417,-0.30250055,0.010264637,0.019359177,-0.11264541,0.1807697,0.049586117,0.08568435,0.11597215,-0.079067335,-0.15009484,-0.13995129,-0.23852731,0.044922408,0.094551936,0.21736081,0.44166505,0.11887329,0.49536458,-0.051375363,0.36652163,-0.022062916,0.23691167,0.17867091,0.152768,0.3752827
79,79,hook,-0.60443085,0.4169381,-0.02249444,0.29708815,0.16987386,0.20282441,0.098839715,0.07833639,-0.07750847,-0.037282553,-0.22190787,-0.14405721,-0.18794106,-0.23602279,0.029433947,-0.21602267,0.23414129,-0.058888953,0.213329,0.103475526,-0.037198797,-0.026057124,-0.0019993912,-0.4898671,0.5042448,-0.63626486,0.7965913,-0.34021443,0.54879355,-0.101334885,-0.082439095,0.057992373
80,80,hook,-0.5158303,0.9283125,0.26371354,0.35915107,0.35510495,-0.05693123,0.098265305,-0.15248297,-0.12345171,-0.07726526,-0.10838407,0.006657668,0.066546194,0.06259162,0.14647424,0.081500545,0.032356054,-0.023071619,-0.15077971,-0.25202805,-0.22922923,-0.5392425,0.0009496262,-0.56891865,-0.0120209195,-0.082428284,-0.5409585,-0.08652877,-0.5057058,-0.7132011,0.04195335,-0.7952349
81,81,bone,-0.22381741,0.111995414,0.025359502,0.37700617,-0.09034609,0.17356507,0.09449836,-0.1804693,0.2668604,-0.034616474,0.016567364,0.150305,-0.24344148,0.018264234,-0.15843345,-0.07794175,0.0974385,-0.052681625,0.12027111,-0.09335373,-0.068269625,-0.03701373,0.077139586,0.12883916,0.49967986,-0.023809507,0.5319267,-0.34340948,0.27944553,-0.28718975,0.26606944,-0.076298945
82,82,hook,-0.4423789,0.6083037,0.13487001,0.43715274,0.10074436,0.11519415,0.008945248,-0.12782818,-0.057127707,-0.23290431,-0.1844613,-0.28854024,-0.21437848,-0.3291573,-0.017337747,-0.2516219,0.2201719,-0.012308522,0.23717467,0.23221327,0.06403727,0.29999885,-0.030249009,0.18848486,0.10894957,0.029123306,0.28428948,-0.021908123,0.108583726,0.07134622,-0.25162482,0.118499
83,83,hook,-0.64335406,0.25916922,-0.0694727,-0.012036936,0.2666059,-0.13346553,0.2929602,-0.014872612,0.17312795,0.25676918,0.19539635,0.42218763,0.4507596,0.3622882,0.5854783,0.25957796,0.2240293,0.35576522,-0.26169378,0.6258806,-0.11540482,0.63488436,0.43622723,0.06304763,0.45389143,-0.40074167,0.13816509,-0.09347197,0.14461607,0.13658504,0.08986849,-0.08211358
84,84,hook,-0.48064345,0.37425762,-0.07374281,0.40837413,0.010832139,0.24232234,0.13714026,0.0031778468,0.30551013,-0.07081304,0.29419842,0.07005233,0.009835617,0.20486228,-0.3122521,0.13210745,-0.39658776,-0.026187915,-0.2756129,-0.024977861,-0.13164078,0.1623642,-0.052760094,0.4232829,-0.13654464,0.54536873,-0.24168912,0.26131666,-0.03896099,-0.099384695,0.3262551,-0.00026307156
85,85,treasure,-0.23826003,0.779138,0.2697405,0.08462687,-0.080908656,-0.24705157,-0.2568304,0.104281954,0.023626797,0.10783632,0.043533947,-0.095249556,-0.31253684,0.07451804,-0.65973103,0.40354982,-0.72929454,0.41600794,-0.66369754,0.10235589,-0.1401594,-0.06810089,0.67276984,0.018156914,0.6827833,0.25458524,0.35547766,0.5647144,0.37780836,0.4476555,0.3128246,-0.2936594
86,86,treasure,-0.29029304,0.34918514,0.23216939,0.09302374,0.17090745,-0.17716484,-0.095762484,-0.18416469,-0.05309735,0.031512626,0.112922296,0.08411707,0.09968941,-0.20793961,-0.079932496,-0.54471,-0.19610661,-0.5435639,-0.079379804,-0.44694522,-0.011776652,-0.33824873,0.22568488,0.19599472,0.68004525,0.43824106,0.44652689,0.29465395,0.30192596,0.5498262,0.59178036,0.26992556
87,87,bone,-0.23733948,0.48061246,0.4361077,0.12888874,0.21716866,-0.070673384,-0.25178963,-0.010435107,-0.21654838,-0.0044224737,0.11554165,-0.07244056,0.18238066,-0.12256213,-0.07257233,0.0027149278,-0.010816784,0.16197404,0.20346954,-0.09484267,-0.0594903,-0.20153761,-0.22228685,0.2903966,0.074779764,0.6197485,0.23128885,0.48867738,0.051362656,0.35387847,-0.15150906,0.3813814
88,88,treasure,-0.124697134,0.46321762,0.59842944,0.0020904553,0.062850595,-0.14203955,-0.2895632,0.008610443,0.08531649,-0.011799012,0.6389331,-0.017032083,0.94714594,0.18243268,0.7112208,0.4845782,0.29567972,0.36285827,0.509357,-0.19402003,0.81444275,-0.29388258,0.21065237,-0.023953272,-0.59752584,-0.0116023375,-0.54171777,-0.25150153,-0.029996835,-0.3478959,-0.04585768,-0.13871986
89,89,treasure,-0.1865399,0.55640215,0.5484377,-0.100673676,0.077644445,-0.23856136,-0.24155073,0.16436568,-0.06259679,0.2025516,0.27969378,-0.02620357,0.56560177,-0.20206998,0.47735775,-0.12701234,0.057782635,-0.15085831,-0.20940036,-0.5357959,0.14532712,-0.7360501,0.6087399,-0.56989914,0.3775309,-0.19358133,-0.033802684,0.22844245,0.166942,-0.045564327,0.23908266,-0.87633526
90,90,bone,-0.2729947,0.59462434,-0.088167235,0.48725808,-0.0046062646,0.20926017,-0.06116592,-0.049230244,-0.07911008,-0.10857553,0.08637565,-0.049021054,0.2576921,-0.011166588,0.25242174,0.06301387,0.08857231,0.1212904,-0.24822553,0.058023836,-0.39818484,0.055417422,0.032507047,0.001569819,0.34792912,-0.24259365,0.17240937,-0.21831943,0.25213897,-0.10507638,0.4599982,-0.3502498
91,91,bone,-0.0697457,0.47336137,0.42427427,0.25614896,0.05055293,-0.13920592,-0.22017072,-0.1502581,0.0049500084,0.045990728,0.14400207,0.05340841,-0.017920885,-0.044550154,-0.1355538,-0.025006993,0.027722524,0.0357269,0.17901258,-0.05424061,0.06413095,-0.06881699,-0.025818048,0.088828154,-0.021646133,0.1484022,-0.123842224,0.16745606,-0.22623464,0.3467748,-0.14303412,0.59044886
92,92,hook,-0.4222398,0.53343797,-0.025398359,0.41786188,0.032874912,0.0835946,0.14576149,-0.1129438,0.25266063,-0.19359683,0.37810412,-0.19813809,0.38024884,0.018732162,0.049975563,0.21318987,-0.28056931,0.04293652,-0.21580875,-0.2293822,-0.0027617048,-0.23107913,-0.027728468,-0.12689468,-0.15592347,-0.19931865,-0.04256266,-0.2140768,0.088738896,0.123282194,-0.0025590798,0.23254937
93,93,hook,-0.5747981,0.38294992,-0.0016705627,0.27677694,0.14821428,0.16889097,-0.03295554,0.051558655,-0.29340744,0.010221051,-0.4118303,0.028564416,-0.32061434,0.006104811,-0.10950061,-0.085526064,0.09506105,-0.15772946,0.21445858,-0.05928418,0.21108425,0.32066128,0.25629082,0.8184231,0.6421567,0.892725,0.904987,0.19513197,0.1938227,-0.4714873,-0.6068812,-0.028730065
94,94,bone,-0.2895438,0.6126843,-0.086335264,0.48315457,-0.016315458,0.1816177,-0.10770521,-0.047438588,-0.13088395,-0.051802106,0.03387553,-0.010462973,0.16235438,-0.054191127,0.12996419,-0.061114233,-0.027724758,-0.029484304,-0.22575623,0.06936448,-0.054303363,0.14283593,0.24257043,-0.13579506,0.026705539,-0.23680675,-0.091098696,-0.004168479,0.010533854,-0.33972573,-0.22988969,-0.71450526
95,95,bone,-0.3606207,0.08517538,0.109170794,0.23911662,0.08649136,0.29763818,-0.087536685,-0.01781445,0.021553341,-0.25095296,0.17694125,-0.111727886,0.08431565,0.13530992,-0.04750533,0.23703472,-0.05618332,0.09620911,-0.13756448,-0.075261526,-0.13198268,0.0012189522,0.025920758,-0.054786384,-0.23574644,-0.18118978,-0.507611,0.19915812,-0.21655498,0.4312771,-0.10126745,0.21739843
96,96,treasure,-0.06624194,0.28461993,0.58819836,0.21128161,0.03477928,0.074460655,-0.397438,-0.092543714,-0.040942542,0.024287418,0.22461386,0.24222638,0.13446188,0.07790957,0.07035017,-0.31264508,0.14427792,-0.38524345,0.0574778,-0.24960025,-0.22807221,-0.46842155,-0.09627862,-0.5764963,0.3559741,-0.12654136,0.51180196,0.23240468,0.16303036,0.39980128,-0.22032519,0.47487417
97,97,hook,-0.6656877,0.36382064,-0.123099804,0.08307794,0.16491863,-0.12727375,0.20647559,-0.12877564,0.1843881,0.09524957,0.25451416,0.2921804,0.40864742,0.16707537,0.5137265,-0.19708726,0.5157796,-0.29447648,0.61933696,0.10231485,0.8837162,0.314618,0.62036484,-0.20869596,-0.37592533,-0.52541244,-0.65726453,-0.06967974,-0.044999875,-0.035658073,-0.06953507,-0.16386548
98,98,treasure,0.009121911,0.44061846,0.36522076,0.28994426,0.03540322,-0.12534441,-0.2500365,-0.39970356,-0.35820055,-0.6043827,-0.44085026,-0.8032995,-0.24046907,-0.7634558,0.020180468,-0.4249944,-0.34825236,-0.071637236,-0.8963653,0.1278214,-0.43570665,0.061277054,0.5653595,-0.6195441,0.426863,-1.1275389,-0.22505543,-0.17726345,0.21564594,0.7752186,0.5408115,0.32604054
99,99,treasure,-0.16423841,0.57050765,0.54497623,-0.06568384,0.072563834,-0.21297653,-0.27274764,0.24535407,-0.22441153,0.53228366,-0.08523904,0.8105867,0.006258939,0.8643057,-0.09926647,0.44762293,0.20061733,0.057898987,0.86592317,-0.01138965,0.62116647,-0.008488908,-0.60824573,0.22485478,-0.95386225,0.64424855,0.08792571,0.208744,0.59337556,-0.7388069,0.12696859,-0.7079417
